Symbol,ETF Name,Asset Class,Total Assets ,YTD Price Change,Avg. Daily Volume,Previous Closing Price,1-Day Change,Inverse,Leveraged,1 Week,1 Month,1 Year,3 Year,5 Year,YTD FF,1 Week FF,4 Week FF,1 Year FF,3 Year FF,5 Year FF,ETF Database Category,Inception,ER,Commission Free,Annual Dividend Rate,Dividend Date,Dividend,Annual Dividend Yield %,P/E Ratio,Beta,# of Holdings,% In Top 10,ST Cap Gain Rate,LT Cap Gain Rate,Tax Form,Lower Bollinger,Upper Bollinger,Support 1,Resistance 1,RSI,Liquidity Rating,Expenses Rating,Returns Rating,Volatility Rating,Dividend Rating,Concentration Rating,ESG Score,ESG Score Peer Percentile (%),ESG Score Global Percentile (%),Carbon Intensity (Tons of CO2e / $M Sales),SRI Exclusion Criteria (%),Sustainable Impact Solutions (%)
GLD,SPDR Gold Shares,Commodity,"$162,092,000,000",10.50%,"18,985,048",$437.91,0.78%,No,False,1.98%,-7.52%,53.45%,32.92%,21.63%,"-$2,674,053,100.00","$211,560,500.00","-$3,611,402,200.00","$14,026,790,800.00","$17,786,684,300.00","$13,585,637,900.00",Precious Metals,2004-11-18,0.40%,N/A,$0.00,N/A,N/A,0.00%,0.00,0.20,1,100.00%,40%,28%,1099,$391.90,$470.36,$435.55,$440.59,49.46,A,N/A,B,B,C+,B-,0.0,N/A,N/A,N/A,N/A,N/A
IAU,iShares Gold Trust,Commodity,"$74,185,800,000",10.53%,"17,057,728",$89.72,0.76%,No,False,2.02%,-7.49%,53.68%,33.10%,21.81%,"-$1,926,631,000.00","$394,116,000.00","-$2,044,781,000.00","$5,940,349,000.00","$6,274,165,000.00","$3,659,118,500.00",Precious Metals,2005-01-21,0.25%,N/A,$0.00,N/A,N/A,0.00%,0.00,0.20,1,100.00%,40%,28%,1099,$80.30,$96.35,$89.24,$90.26,49.48,A,N/A,B+,B-,B-,C,0.0,N/A,N/A,N/A,N/A,N/A
SLV,iShares Silver Trust,Commodity,"$37,801,900,000",6.16%,"95,761,320",$68.39,1.36%,No,False,3.95%,-9.94%,143.73%,44.03%,23.69%,"-$2,771,841,500.00","$101,040,000.00","-$626,191,500.00","$1,014,389,000.00","$659,667,500.00","-$1,315,025,000.00",Precious Metals,2006-04-21,0.50%,N/A,$0.00,N/A,N/A,0.00%,0.00,0.52,1,100.00%,40%,28%,1099,$58.53,$75.33,N/A,N/A,48.26,A,N/A,C+,C+,B-,C+,0.0,N/A,N/A,N/A,N/A,N/A
GLDM,SPDR Gold Minishares Trust of beneficial interest,Commodity,"$31,444,200,000",10.55%,"12,192,396",$94.38,0.80%,No,False,2.05%,-7.44%,54.06%,33.32%,21.97%,"$3,296,442,500.00","$581,274,000.00","$631,381,500.00","$9,216,779,200.00","$12,279,958,000.00","$13,772,935,900.00",Precious Metals,2018-06-25,0.10%,N/A,$0.00,N/A,N/A,0.00%,0.00,0.20,1,100.00%,40%,28%,1099,$84.43,$101.32,$93.88,$94.93,49.54,A-,N/A,N/A,B+,B+,N/A,0.0,N/A,N/A,N/A,N/A,N/A
SGOL,abrdn Physical Gold Shares ETF,Commodity,"$8,226,670,000",10.59%,"7,751,501",$45.43,0.80%,No,False,2.07%,-7.47%,53.95%,33.21%,21.91%,"$76,133,600.00","$27,391,800.00","-$24,411,800.00","$725,699,800.00","$1,232,024,200.00","$1,318,557,600.00",Precious Metals,2009-09-09,0.17%,Charles Schwab,$0.00,N/A,N/A,0.00%,0.00,0.20,1,100.00%,40%,28%,1099,$40.65,$48.77,$45.19,$45.70,49.53,A-,N/A,B+,B+,B,B,0.0,N/A,N/A,N/A,N/A,N/A
IAUM,iShares Gold Trust Micro ETF of Benef Interest,Commodity,"$7,520,600,000",10.56%,"8,367,171",$47.53,0.81%,No,False,2.06%,-7.46%,54.12%,33.34%,N/A,"$841,819,900.00","$32,366,600.00","-$109,131,150.00","$3,371,562,600.00","$3,965,987,650.00","$4,824,674,650.00",N/A,2021-06-15,0.09%,N/A,$0.00,N/A,N/A,0.00%,0.00,0.21,1,100.00%,40%,28%,1099,$42.52,$51.03,$47.27,$47.81,49.53,A,N/A,A,A-,C,N/A,0.0,N/A,N/A,N/A,N/A,N/A
PDBC,Invesco Optimum Yield Diversified Commodity Strategy No K-1 ETF,Commodity,"$6,534,140,000",29.21%,"9,982,253",$17.12,0.65%,No,False,-2.28%,4.52%,34.70%,8.86%,13.22%,"$638,502,350.00","$134,589,500.00","$257,362,300.00","$424,584,600.00","$135,543,250.00","$2,550,462,550.00",Commodities,2014-11-07,0.59%,N/A,$0.00,2024-12-23,$0.58,0.00%,0.00,0.08,2,100.00%,40%,20%,1099,$16.65,$17.70,$16.96,$17.27,59.00,A+,N/A,C+,B,A-,N/A,0.0,N/A,N/A,N/A,N/A,N/A
SIVR,abrdn Physical Silver Shares ETF,Commodity,"$5,288,390,000",6.21%,"4,839,906",$71.84,1.30%,No,False,3.95%,-9.97%,144.27%,44.34%,23.93%,"-$589,946,000.00","$33,757,500.00","-$286,882,350.00","$598,589,750.00","$672,952,200.00","$931,954,150.00",Precious Metals,2009-07-20,0.30%,Charles Schwab,$0.00,N/A,N/A,0.00%,0.00,0.52,1,100.00%,40%,28%,1099,$61.49,$79.12,N/A,N/A,48.27,B+,N/A,C+,B-,B-,B-,0.0,N/A,N/A,N/A,N/A,N/A
GLTR,abrdn Physical Precious Metals Basket Shares ETF,Commodity,"$3,050,550,000",8.14%,"169,602",$222.34,1.06%,No,False,2.88%,-8.01%,78.27%,33.64%,18.47%,"$259,257,300.00",$0.00,"-$8,250,275.00","$630,448,325.00","$584,173,175.00","$753,150,725.00",Precious Metals,2010-10-22,0.60%,Charles Schwab,$0.00,N/A,N/A,0.00%,0.00,0.28,1,100.00%,40%,28%,1099,$195.51,$240.08,N/A,N/A,48.97,B-,N/A,B+,A-,C,A-,0.0,N/A,N/A,N/A,N/A,N/A
AAAU,Goldman Sachs Physical Gold ETF,Commodity,"$2,932,190,000",10.51%,"4,758,653",$47.02,0.81%,No,False,2.02%,-7.51%,53.81%,33.21%,21.88%,"$113,162,480.00",$0.00,"-$30,842,000.00","$735,896,630.32","$1,168,692,750.32","$1,318,521,400.32",Precious Metals,2018-07-26,0.18%,N/A,$0.00,N/A,N/A,0.00%,0.00,0.20,1,100.00%,40%,28%,1099,$42.08,$50.50,$46.77,$47.30,49.47,A-,N/A,N/A,B+,B,N/A,0.0,N/A,N/A,N/A,N/A,N/A
OUNZ,VanEck Merk Gold ETF,Commodity,"$2,840,400,000",10.56%,"2,245,327",$45.86,0.77%,No,False,2.00%,-7.48%,53.69%,33.12%,21.83%,"$190,462,974.98",$0.00,"$521,282.55","$480,938,841.58","-$27,854,972,787.05","-$27,669,079,282.99",Precious Metals,2014-05-16,0.25%,N/A,$0.00,N/A,N/A,0.00%,0.00,0.19,1,100.00%,40%,28%,1099,$41.04,$49.24,$45.63,$46.13,49.48,B+,N/A,N/A,B,B+,N/A,0.0,N/A,N/A,N/A,N/A,N/A
HGER,Harbor Commodity All-Weather Strategy ETF,Commodity,"$2,794,220,000",24.74%,"1,091,885",$30.96,0.00%,No,False,-0.99%,2.14%,44.21%,17.68%,N/A,"$958,429,000.00","-$22,599,250.00","$470,834,750.00","$2,108,697,250.00","$2,322,382,000.00","$2,393,609,000.00",Commodities,2022-02-09,0.68%,N/A,$1.76,2025-12-12,$1.76,5.68%,0.00,0.17,9,100.00%,40%,20%,1099,$29.72,$31.74,$30.74,$31.15,60.73,A-,N/A,A,B+,B,N/A,0.0,N/A,N/A,N/A,N/A,N/A
PPLT,abrdn Physical Platinum Shares ETF,Commodity,"$2,613,680,000",2.76%,"809,969",$191.57,3.48%,No,False,5.96%,-0.95%,125.19%,27.07%,10.69%,"-$290,568,000.00",$0.00,"-$252,059,300.00","$265,704,650.00","$337,868,450.00","$65,433,350.00",Precious Metals,2010-01-08,0.60%,Charles Schwab,$0.00,N/A,N/A,0.00%,0.00,0.40,1,100.00%,40%,28%,1099,$163.52,$195.94,$187.06,$194.23,52.83,B,N/A,A,C+,C+,B+,0.0,N/A,N/A,N/A,N/A,N/A
FTGC,First Trust Global Tactical Commodity Strategy Fund,Commodity,"$2,539,220,000",23.47%,"730,697",$28.27,0.28%,No,False,-2.11%,2.57%,40.78%,14.85%,15.05%,"$328,047,800.00","$56,113,050.00","$150,559,900.00","-$217,220,100.00","-$787,591,261.50","$1,447,339,886.50",Commodities,2013-10-22,0.98%,N/A,$4.39,2026-03-26,$0.41,15.53%,0.00,0.15,9,100.00%,40%,20%,1099,$27.60,$29.02,$28.12,$28.42,60.05,A,N/A,A-,A-,B-,N/A,0.0,N/A,N/A,N/A,N/A,N/A
BCI,abrdn Bloomberg All Commodity Strategy K-1 Free ETF,Commodity,"$2,470,820,000",21.91%,"1,907,027",$23.81,0.72%,No,False,-3.49%,1.32%,36.47%,12.49%,12.76%,"$287,409,765.00","-$3,388,020.00","-$1,157,380.00","$775,512,400.00","$1,287,820,514.66","$1,871,934,209.66",Commodities,2017-03-30,0.26%,N/A,$3.22,2025-12-30,$3.22,13.52%,0.00,0.16,22,65.29%,40%,20%,1099,$23.13,$24.82,$23.62,$24.01,56.03,A,N/A,B,A-,B,N/A,0.0,N/A,N/A,N/A,N/A,N/A
USO,United States Oil Fund LP,Commodity,"$2,097,040,000",83.57%,"32,365,108",$126.96,1.91%,No,False,-7.95%,16.72%,87.87%,21.80%,25.48%,"$296,771,500.00","$221,022,600.00","-$749,115,000.00","$181,647,000.00","-$543,100,400.00","-$3,601,625,300.00",Oil & Gas,2006-04-10,0.60%,N/A,$0.00,N/A,N/A,0.00%,0.00,-0.08,1,100.00%,28%,28%,K-1,$106.82,$138.21,$123.47,$130.05,60.80,A+,A-,B-,C+,C,B+,0.0,N/A,N/A,N/A,N/A,N/A
AGQ,ProShares Ultra Silver,Commodity,"$1,821,210,000",-22.82%,"8,195,686",$119.72,2.93%,No,2x,8.08%,-21.54%,234.60%,53.09%,21.76%,"$793,609,702.68","-$126,236,136.04","$146,169,126.34","$811,510,123.55","$877,763,410.08","$865,663,826.63",Leveraged Commodities,2008-12-01,0.95%,N/A,$0.00,N/A,N/A,0.00%,0.00,1.05,1,100.00%,28%,28%,K-1,$84.97,$147.76,N/A,N/A,45.77,A,B+,C+,B+,B-,A,0.0,N/A,N/A,N/A,N/A,N/A
DBC,Invesco DB Commodity Index Tracking Fund,Commodity,"$1,702,090,000",28.40%,"1,371,885",$28.71,0.53%,No,False,-2.11%,4.36%,37.43%,9.57%,13.64%,"$191,379,650.00","$65,992,050.00","$98,147,650.00","$113,731,700.00","-$615,857,650.00","-$1,274,186,684.42",Commodities,2006-02-03,0.84%,2 Platforms,$0.00,2024-12-23,$1.12,0.00%,0.00,0.08,3,100.00%,28%,28%,K-1,$27.87,$29.65,$28.46,$28.96,59.08,A,N/A,B-,B-,A-,A,0.0,N/A,N/A,N/A,N/A,N/A
BAR,GraniteShares Gold Trust,Commodity,"$1,656,860,000",10.54%,"1,335,002",$46.97,0.77%,No,False,2.04%,-7.47%,53.85%,33.22%,21.90%,"-$221,250.00",$0.00,"-$20,232,450.00","$44,715,700.00","-$287,655,300.00","-$464,506,400.00",Precious Metals,2017-08-31,0.17%,N/A,$0.00,N/A,N/A,0.00%,0.00,0.20,1,100.00%,40%,28%,1099,$42.02,$50.43,$46.74,$47.24,49.52,B+,N/A,N/A,B,A-,N/A,0.0,N/A,N/A,N/A,N/A,N/A
DBA,Invesco DB Agriculture Fund,Commodity,"$1,184,950,000",5.29%,"1,051,502",$26.87,0.00%,No,False,-1.07%,0.60%,3.27%,12.30%,11.19%,"$445,589,350.00","$8,288,700.00","$391,193,750.00","$388,169,650.00","$100,876,650.00","$126,577,075.60",Agricultural Commodities,2007-01-05,0.93%,N/A,$0.00,2024-12-23,$1.08,0.00%,0.00,0.14,3,100.00%,28%,28%,K-1,$26.53,$27.35,$26.77,$26.97,55.06,A+,C,B,A+,A-,A+,0.0,N/A,N/A,N/A,N/A,N/A
SCO,ProShares UltraShort Bloomberg Crude Oil,Commodity,"$1,047,390,000",-58.80%,"21,920,784",$8.08,-0.25%,Yes,-2x,-1.58%,-23.05%,-60.66%,-29.34%,-43.34%,"$1,235,699,979.50","$79,140,308.95","$606,985,149.09","$1,214,948,497.34","$1,132,346,483.47","$1,463,270,446.18",Inverse Commodities,2008-11-24,0.95%,N/A,$0.00,N/A,N/A,0.00%,0.00,-0.30,1,100.00%,28%,28%,K-1,$7.59,$8.93,$7.85,$8.33,33.40,A,B,B-,B+,A+,A,0.0,N/A,N/A,N/A,N/A,N/A
UGL,ProShares Ultra Gold,Commodity,"$1,040,340,000",14.32%,"6,188,392",$63.47,1.60%,No,2x,4.07%,-16.03%,103.61%,57.39%,34.85%,"-$107,673,668.72","-$33,301,651.94","-$61,910,128.16","$30,595,219.82","$83,510,053.36","$58,314,394.77",Leveraged Commodities,2008-12-01,0.95%,N/A,$0.00,N/A,N/A,0.00%,0.00,0.38,1,100.00%,28%,28%,K-1,$50.26,$74.05,$62.82,$64.22,47.97,B+,B+,B-,A,A,A-,0.0,N/A,N/A,N/A,N/A,N/A
GSG,iShares S&P GSCI Commodity-Indexed Trust,Commodity,"$971,690,000",36.17%,"1,378,652",$31.40,0.96%,No,False,-6.13%,5.33%,48.53%,15.05%,17.32%,"-$380,996,275.00","-$11,972,685.00","$24,042,075.00","-$284,401,990.00","-$503,209,605.00","-$1,114,490,340.00",Commodities,2006-07-10,0.75%,N/A,$0.00,N/A,N/A,0.00%,0.00,0.04,1,0.00%,28%,28%,K-1,$29.60,$33.57,$30.90,$31.88,57.46,A,N/A,B-,B-,C+,A-,0.0,N/A,N/A,N/A,N/A,N/A
CERY,State Street SPDR Bloomberg Enhanced Roll Yield Commodity Strategy No K-1 ETF,Commodity,"$958,912,000",23.05%,"228,010",$35.13,0.80%,No,False,-0.34%,2.57%,41.40%,N/A,N/A,"$227,205,018.46","$23,049,581.95","$14,260,732.66","$212,806,415.00","$775,979,186.12","$775,979,186.12",Commodities,2024-09-04,0.28%,N/A,$1.43,2025-12-29,$1.43,4.06%,0.00,-0.18,2,100.00%,40%,20%,1099,$34.18,$35.80,$34.87,$35.35,59.13,A-,N/A,B+,B,B-,N/A,0.0,N/A,N/A,N/A,N/A,N/A
DJP,iPath Bloomberg Commodity Index Total Return ETN,Commodity,"$944,558,000",25.07%,"133,311",$47.04,0.49%,No,False,-3.80%,1.40%,42.07%,13.91%,14.47%,"$79,527,944.20",$0.00,"$2,307,510.20","$123,054,831.45","-$23,423,752.39","-$221,741,683.71",Commodities,2006-06-06,0.70%,TD Ameritrade,$0.00,N/A,N/A,0.00%,0.00,0.17,19,73.26%,40%,20%,1099,$45.58,$49.28,$46.63,$47.45,56.02,B+,N/A,B+,B+,C+,N/A,0.0,N/A,N/A,N/A,N/A,N/A
BNO,United States Brent Oil Fund LP,Commodity,"$896,108,000",71.33%,"4,921,786",$48.52,1.04%,No,False,-10.35%,10.40%,77.66%,19.64%,24.89%,"$700,278,450.00","$75,979,900.00","$493,705,550.00","$717,166,650.00","$573,019,000.00","$306,107,750.00",Oil & Gas,2010-06-02,1.00%,N/A,$0.00,N/A,N/A,0.00%,0.00,-0.10,1,100.00%,28%,28%,K-1,$45.96,$55.29,$47.16,$49.77,55.28,A,C+,A-,B+,A-,B+,0.0,N/A,N/A,N/A,N/A,N/A
PALL,abrdn Physical Palladium Shares ETF,Commodity,"$893,587,000",-2.57%,"475,984",$141.65,-0.55%,No,False,3.16%,-4.10%,68.63%,1.49%,-10.46%,"-$155,271,012.50","$21,750,600.00","-$97,458,200.00","$237,126,675.00","$413,557,612.50","$508,659,287.50",Precious Metals,2010-01-06,0.60%,Charles Schwab,$0.00,N/A,N/A,0.00%,0.00,0.18,1,100.00%,40%,28%,1099,$120.70,$149.28,$139.73,$142.99,49.53,B,N/A,A+,C+,C+,B+,0.0,N/A,N/A,N/A,N/A,N/A
CMDT,PIMCO Commodity Strategy Active Exchange-Traded Fund,Commodity,"$748,000,000",16.93%,"204,965",$32.07,0.09%,No,False,-0.49%,3.23%,32.35%,N/A,N/A,"$42,053,750.00","$4,857,500.00","$45,618,500.00","$206,871,250.00","$613,815,000.00","$613,815,000.00",Commodities,2023-05-09,0.65%,N/A,$0.83,2026-04-01,$0.19,2.59%,0.00,-0.08,247,42.98%,40%,20%,K-1,$31.14,$32.72,$31.34,$33.37,61.42,A-,N/A,B+,A,A,N/A,0.0,N/A,N/A,N/A,N/A,N/A
CPER,United States Copper Index Fund,Commodity,"$696,119,000",0.72%,"1,368,781",$35.21,-0.11%,No,False,2.44%,-1.18%,26.93%,12.73%,6.86%,"$251,283,850.00","-$19,054,000.00","-$135,985,650.00","$478,790,950.00","$476,485,750.00","$440,348,200.00",Metals,2011-11-15,0.97%,N/A,$0.00,N/A,N/A,0.00%,0.00,0.49,1,100.00%,28%,28%,K-1,$32.54,$35.90,N/A,N/A,52.25,B,A,B+,B+,N/A,A-,0.0,N/A,N/A,N/A,N/A,N/A
IGLD,FT Vest Gold Strategy Target Income ETF,Commodity,"$583,206,000",7.37%,"289,810",$25.38,0.71%,No,False,1.60%,-7.57%,42.67%,24.34%,15.59%,"$140,010,450.00","$11,284,150.00","-$3,077,900.00","$347,299,650.00","$482,443,450.00","$524,264,050.00",Precious Metals,2021-03-02,0.85%,N/A,$3.53,2026-04-01,$0.48,13.91%,0.00,0.19,3,100.00%,40%,20%,1099,$22.84,$27.31,$25.27,$25.57,48.97,B-,N/A,N/A,A,A,N/A,0.0,N/A,N/A,N/A,N/A,N/A
SDCI,USCF SummerHaven Dynamic Commodity Strategy No K-1 Fund,Commodity,"$524,533,000",23.88%,"232,419",$27.29,0.70%,No,False,-0.69%,5.69%,42.14%,20.65%,22.38%,"$158,786,450.00","$8,816,775.00","$31,455,325.00","$282,000,500.00","$422,397,675.00","$428,799,425.00",Commodities,2018-05-03,0.60%,N/A,$0.81,2025-12-22,$0.81,2.97%,0.00,0.13,1,55.24%,40%,20%,1099,$26.10,$27.77,$27.09,$27.43,61.46,A-,N/A,A,B+,A,N/A,0.0,N/A,N/A,N/A,N/A,N/A
UCO,ProShares Ultra Bloomberg Crude Oil,Commodity,"$499,973,000",106.63%,"9,585,956",$39.92,0.23%,No,2x,0.66%,18.88%,87.77%,11.37%,24.26%,"-$171,122,919.29","$3,144,507.98","-$54,793,152.18","-$153,344,321.13","-$470,767,819.33","-$1,873,815,097.44",Leveraged Commodities,2008-11-25,1.43%,N/A,$0.00,N/A,N/A,0.00%,0.00,0.16,1,100.00%,28%,28%,K-1,$37.20,$43.44,$38.72,$41.07,59.30,A,B,A-,B+,B,A+,0.0,N/A,N/A,N/A,N/A,N/A
FGDL,Franklin Responsibly Sourced Gold ETF,Commodity,"$494,582,000",10.07%,"85,644",$63.40,0.78%,No,False,1.93%,-7.75%,53.07%,33.16%,N/A,"-$21,704,900.00",$0.00,"-$44,043,000.00","$152,107,400.00","$199,656,050.00","$290,576,950.00",Commodities,2022-06-30,0.15%,N/A,$0.00,N/A,N/A,0.00%,0.00,0.21,1,100.00%,40%,28%,1099,$56.79,$68.18,$63.08,$63.82,49.26,B,N/A,A+,C+,C+,N/A,0.0,N/A,N/A,N/A,N/A,N/A
CMDY,iShares Bloomberg Roll Select Commodity Strategy ETF,Commodity,"$482,378,000",20.39%,"83,645",$58.69,0.55%,No,False,-2.93%,1.39%,35.51%,11.97%,12.32%,"$130,594,715.00",$0.00,"$26,560,185.00","$129,437,955.00","$136,458,745.00","$391,802,930.00",Commodities,2018-04-03,0.28%,N/A,$6.29,2025-12-16,$6.29,10.71%,0.00,0.16,1,0.00%,40%,20%,1099,$57.04,$60.86,$58.26,$59.11,56.09,B,N/A,B+,A,B+,N/A,0.0,N/A,N/A,N/A,N/A,N/A
BOIL,ProShares Ultra Bloomberg Natural Gas,Commodity,"$439,894,000",-39.43%,"15,512,144",$13.87,-3.41%,No,2x,-8.15%,-30.13%,-80.10%,-64.22%,-62.93%,"$44,391,986.97","$9,083,283.00","$101,276,836.75","$821,181,724.47","$1,091,689,461.94","$4,456,594,532.33",Leveraged Commodities,2011-10-04,0.95%,N/A,$0.00,N/A,N/A,0.00%,0.00,0.19,1,100.00%,28%,28%,K-1,$13.54,$20.03,$13.54,$14.25,39.33,A-,B+,B,B-,N/A,C+,0.0,N/A,N/A,N/A,N/A,N/A
UNG,United States Natural Gas Fund LP,Commodity,"$431,538,000",-11.26%,"17,732,736",$10.88,-1.81%,No,False,-4.14%,-14.67%,-44.55%,-24.86%,-21.76%,"-$204,319,400.00","$19,041,400.00","$9,465,100.00","$89,466,700.00","-$735,247,087.30","$579,792,712.70",Oil & Gas,2007-04-18,1.24%,N/A,$0.00,N/A,N/A,0.00%,0.00,0.15,1,100.00%,28%,28%,K-1,$10.85,$13.00,$10.75,$11.04,40.46,A,C,A,C,C+,A-,0.0,N/A,N/A,N/A,N/A,N/A
IAUI,NEOS Gold High Income ETF,Commodity,"$403,189,000",7.14%,"200,779",$58.07,0.69%,No,False,2.16%,-6.60%,N/A,N/A,N/A,"$124,801,391.00","$8,627,445.00","$20,755,596.00","$386,546,969.00","$386,546,969.00","$386,546,969.00",Commodities,2025-06-05,0.78%,N/A,$5.69,2026-03-18,$0.61,9.80%,0.00,1.96,6,100.00%,40%,20%,1099,$51.95,$62.04,N/A,N/A,50.08,B+,N/A,N/A,N/A,B,N/A,5.78,40.87%,26.40%,1.23,0.00%,0.00%
NBCM,Neuberger Commodity Strategy ETF,Commodity,"$401,333,000",23.58%,"75,802",$27.96,0.50%,No,False,-0.99%,1.75%,31.51%,11.10%,N/A,"$45,148,870.00","$1,387,440.00","$4,292,517.50","$108,212,880.00","$37,907,132.50","$135,919,882.50",Commodities,2022-10-24,0.65%,N/A,$0.00,2024-12-18,$1.09,0.00%,0.00,0.01,132,40.44%,40%,20%,1099,$27.04,$28.69,$27.81,$28.09,59.11,B,N/A,A-,A-,A-,N/A,0.0,N/A,N/A,N/A,N/A,N/A
BCD,abrdn Bloomberg All Commodity Longer Dated Strategy K-1 Free ETF,Commodity,"$391,547,000",15.18%,"76,516",$35.66,0.00%,No,False,0.06%,-0.17%,33.85%,11.72%,14.19%,"$52,581,670.00","$3,612,350.00","$9,001,045.00","$123,760,115.00","$97,401,997.57","$357,566,117.57",Commodities,2017-03-30,0.30%,N/A,$5.33,2025-12-31,$5.33,14.94%,0.00,0.21,21,67.26%,40%,20%,1099,$35.10,$36.61,$35.50,$35.82,56.22,B,N/A,B,A,B+,N/A,0.0,N/A,N/A,N/A,N/A,N/A
USCI,United States Commodity Index Fund,Commodity,"$345,651,000",23.14%,"20,869",$95.57,0.62%,No,False,-0.73%,5.66%,41.86%,20.15%,21.35%,"$4,324,650.00",$0.00,$0.00,"$27,789,650.00","$12,848,750.00","-$61,398,800.00",Commodities,2010-08-10,1.07%,Charles Schwab,$0.00,N/A,N/A,0.00%,0.00,0.15,3,100.00%,28%,28%,K-1,$91.54,$97.31,$94.90,$96.17,61.60,B-,N/A,A,B,C,B+,0.0,N/A,N/A,N/A,N/A,N/A
DGP,DB Gold Double Long Exchange Traded Notes,Commodity,"$332,074,000",16.74%,"106,948",$187.97,1.22%,No,2x,3.85%,-15.66%,111.75%,62.48%,38.33%,$0.00,$0.00,$0.00,"-$6,649,941.22","-$23,116,640.04","-$47,588,404.69",Leveraged Commodities,2008-02-27,0.75%,N/A,$0.00,N/A,N/A,0.00%,0.00,0.39,1,100.00%,40%,20%,1099,$145.31,$222.65,$182.94,$193.77,48.18,B+,A-,B-,A,B,N/A,0.0,N/A,N/A,N/A,N/A,N/A
DBO,Invesco DB Oil Fund,Commodity,"$326,024,000",61.23%,"1,638,760",$19.67,0.20%,No,False,1.29%,7.72%,47.67%,12.35%,15.29%,"-$7,407,750.00","-$34,171,200.00","-$47,783,700.00","$32,598,000.00","-$48,202,800.00","-$434,382,356.45",Oil & Gas,2007-01-05,0.77%,TD Ameritrade,$0.00,2024-12-23,$0.67,0.00%,0.00,0.05,3,100.00%,28%,28%,K-1,$19.05,$21.24,$19.35,$19.99,59.77,A,B,B-,B,A,A-,0.0,N/A,N/A,N/A,N/A,N/A
DBB,Invesco DB Base Metals Fund,Commodity,"$295,240,000",4.66%,"475,745",$24.01,0.42%,No,False,1.95%,-1.23%,34.89%,11.26%,7.30%,"$86,587,550.00","-$1,173,850.00","-$31,452,400.00","$151,485,500.00","$52,059,800.00","-$16,230,353.21",Metals,2007-01-05,0.75%,N/A,$0.00,2024-12-23,$0.90,0.00%,0.00,0.53,2,100.00%,28%,28%,K-1,$22.38,$24.46,$23.84,$24.11,54.36,A+,C,A-,A+,A-,A,0.0,N/A,N/A,N/A,N/A,N/A
DBP,Invesco DB Precious Metals Fund,Commodity,"$290,885,000",9.48%,"24,294",$112.56,1.08%,No,False,2.91%,-7.20%,66.39%,34.18%,20.94%,"$11,695,800.00","$5,453,600.00","$285,050.00","$4,510,100.00","-$25,157,150.00","$15,408,326.83",Precious Metals,2007-01-05,0.77%,N/A,$2.50,2025-12-22,$2.50,2.22%,0.00,0.24,3,100.00%,28%,28%,K-1,$99.51,$120.67,$111.58,$113.45,49.71,C,N/A,B-,A-,A,A+,0.0,N/A,N/A,N/A,N/A,N/A
CORN,Teucrium Corn Fund,Commodity,"$281,993,000",0.90%,"640,694",$17.89,-0.56%,No,False,-1.65%,-3.40%,-6.09%,-10.24%,0.15%,"$241,446,250.00","-$8,135,500.00","$191,318,250.00","$240,893,677.80","$202,889,677.80","$116,508,427.80",Agricultural Commodities,2010-06-09,2.71%,N/A,$0.00,N/A,N/A,0.00%,0.00,-0.04,1,100.00%,28%,28%,K-1,$17.91,$18.90,$17.77,$18.04,45.06,A,C+,B,C+,N/A,B+,0.0,N/A,N/A,N/A,N/A,N/A
WEAT,Teucrium Wheat Fund,Commodity,"$270,448,000",10.22%,"701,452",$22.01,-1.08%,No,False,-3.76%,-6.78%,-6.93%,-13.96%,-6.42%,"$148,138,500.00","-$9,023,750.00","$74,012,000.00","$157,233,858.80","$171,569,108.80","$380,761,108.80",Agricultural Commodities,2011-09-19,2.80%,N/A,$0.00,N/A,N/A,0.00%,0.00,0.04,1,100.00%,28%,28%,K-1,$22.23,$23.56,$21.72,$22.40,46.24,A-,C,B-,C+,N/A,C+,0.0,N/A,N/A,N/A,N/A,N/A
GCC,WisdomTree Enhanced Commodity Strategy Fund,Commodity,"$265,653,000",14.42%,"101,327",$24.20,0.83%,No,False,0.88%,1.42%,40.17%,15.62%,12.83%,"$62,785,200.00",$0.00,"$1,173,200.00","$93,172,150.00","$33,400,560.00","$115,522,048.40",Commodities,2008-01-24,0.57%,N/A,$1.40,2025-12-26,$0.32,5.80%,0.00,0.25,4,100.00%,40%,20%,1099,$23.18,$24.57,$24.12,$24.26,59.02,B-,N/A,A-,A,B+,A+,0.0,N/A,N/A,N/A,N/A,N/A
COM,Direxion Auspice Broad Commodity Strategy ETF,Commodity,"$261,032,000",12.50%,"150,210",$33.08,0.06%,No,False,-0.93%,0.78%,21.52%,6.00%,9.63%,"$72,600,400.00","$28,344,350.00","$77,108,950.00","$8,720,450.00","-$32,020,450.00","$139,125,700.00",Commodities,2017-03-30,0.72%,N/A,$0.83,2026-03-24,$0.20,2.52%,0.00,-0.67,1,67.38%,40%,20%,1099,$33.02,$33.83,$32.95,$33.22,56.18,B+,N/A,C,A+,B+,N/A,0.0,N/A,N/A,N/A,N/A,N/A
PLTM,GraniteShares Platinum Trust,Commodity,"$240,735,000",2.69%,"1,078,185",$20.26,3.10%,No,False,5.80%,-0.93%,125.61%,27.35%,10.81%,"$12,604,250.00",$0.00,"-$40,432,250.00","$120,551,950.00","$123,985,100.00","$136,152,750.00",Precious Metals,2018-01-22,0.50%,N/A,$0.00,N/A,N/A,0.00%,0.00,0.39,1,100.00%,40%,28%,1099,$17.30,$20.75,$19.80,$20.55,52.65,B,N/A,B,C,C,C,0.0,N/A,N/A,N/A,N/A,N/A
OILK,ProShares K-1 Free Crude Oil ETF of Benef Interest,Commodity,"$226,580,000",47.56%,"298,131",$53.75,0.09%,No,False,0.30%,10.38%,45.52%,11.99%,18.53%,"$141,943,785.00","-$159,750.00","$69,720,512.50","$133,098,125.00","$114,394,120.00","$135,552,831.43",Oil & Gas,2016-09-26,0.69%,N/A,$2.23,2026-04-01,$0.87,4.14%,0.00,0.09,1,100.00%,40%,20%,1099,$51.76,$55.87,$52.96,$54.52,61.06,A-,A-,C+,B-,A,N/A,0.0,N/A,N/A,N/A,N/A,N/A
PDBA,Invesco Agriculture Commodity Strategy No K-1 ETF,N/A,"$224,188,000",5.41%,"126,924",$35.84,0.03%,No,False,-1.08%,0.53%,3.91%,12.73%,N/A,"$151,507,850.00","$12,656,650.00","$104,262,250.00","$146,016,850.00","$200,520,350.00","$205,038,600.00",N/A,2022-08-24,0.59%,N/A,$0.00,2024-12-23,$4.61,0.00%,0.00,0.10,2,100.00%,40%,20%,1099,$35.40,$36.51,N/A,N/A,54.51,B+,N/A,B+,B,A,N/A,0.0,N/A,N/A,N/A,N/A,N/A
PIT,VanEck Commodity Strategy ETF,Commodity,"$199,774,000",34.84%,"25,697",$71.21,0.96%,No,False,-4.11%,4.61%,64.12%,19.92%,N/A,"$104,278,945.00","$10,737,445.00","$35,709,165.00","$136,868,325.00","$132,183,035.00","$156,857,445.00",Commodities,2022-12-20,0.55%,N/A,$4.71,2025-12-22,$4.71,6.61%,0.00,-0.20,5,100.00%,40%,20%,1099,$67.79,$74.74,$70.24,$72.08,58.18,C+,N/A,A,B,B,N/A,0.0,N/A,N/A,N/A,N/A,N/A
GBUG,Sprott Active Gold & Silver Miners ETF,Commodity,"$187,210,000",11.63%,"140,315",$48.77,0.58%,No,False,4.39%,-4.88%,128.65%,N/A,N/A,"$20,494,800.00","$1,396,800.00","-$10,414,200.00","$94,506,400.00","$115,999,300.00","$115,999,300.00",Precious Metals,2025-02-19,0.89%,N/A,$0.00,N/A,N/A,0.00%,0.00,0.62,0,N/A,40%,20%,1099,$38.57,$51.25,N/A,N/A,52.83,B-,N/A,N/A,C,B+,N/A,6.53,33.33%,47.91%,287.26,0.00%,0.00%
KOLD,ProShares UltraShort Bloomberg Natural Gas,Commodity,"$172,636,000",-29.52%,"10,909,856",$24.86,3.54%,Yes,-2x,7.62%,32.59%,13.05%,-15.86%,-43.03%,"$234,175,532.96","-$27,086,263.63","-$159,629,522.07","-$193,533,594.52","$570,641,059.23","$1,094,210,928.35",Inverse Equities,2011-10-04,0.95%,N/A,$0.00,N/A,N/A,0.00%,0.00,-0.33,1,100.00%,28%,28%,K-1,$17.84,$24.68,$24.22,$25.40,56.15,B,B+,B,B-,N/A,C,0.0,N/A,N/A,N/A,N/A,N/A
COMB,GraniteShares Bloomberg Commodity Broad Strategy No K-1 ETF,Commodity,"$169,642,000",21.84%,"73,727",$25.72,0.27%,No,False,-3.60%,1.14%,36.47%,12.37%,12.65%,"$40,474,500.00",$0.00,"$16,551,000.00","$49,380,500.00","-$3,635,500.00","$38,533,000.00",Commodities,2017-05-22,0.25%,N/A,$1.91,2025-12-29,$1.91,7.43%,0.00,0.16,4,100.00%,40%,20%,1099,$25.01,$26.84,$25.54,$25.92,55.74,B-,N/A,B+,A-,B-,N/A,0.0,N/A,N/A,N/A,N/A,N/A
FAAR,First Trust Alternative Absolute Return Strategy ETF,Commodity,"$163,327,000",24.12%,"38,661",$33.53,0.39%,No,False,-1.47%,1.16%,40.74%,10.19%,9.24%,"$10,735,200.00",$0.00,"-$5,108,750.00","$41,730,100.00","-$47,286,085.00","$65,903,280.00",Commodities,2016-05-18,0.97%,N/A,$3.11,2026-03-26,$0.11,9.27%,0.00,-0.01,1,69.52%,40%,20%,1099,$32.97,$34.15,$33.41,$33.64,60.82,B-,N/A,B-,A-,B,N/A,0.0,N/A,N/A,N/A,N/A,N/A
ZSL,ProShares UltraShort Silver,Commodity,"$150,370,000",-58.65%,"21,160,908",$22.08,-2.95%,Yes,-2x,-8.34%,12.42%,-93.82%,-68.25%,-53.65%,"$207,314,112.25","-$14,006,762.69","-$68,749,158.97","$506,422,536.19","$486,646,928.11","$475,863,680.79",Inverse Commodities,2008-12-01,0.95%,N/A,$0.00,N/A,N/A,0.00%,0.00,-1.16,1,100.00%,28%,28%,K-1,$18.80,$29.52,N/A,N/A,44.57,B+,B-,A,B+,A-,A-,0.0,N/A,N/A,N/A,N/A,N/A
SHNY,MicroSectors Gold 3X Leveraged ETNs,Commodity,"$142,158,000",11.33%,"1,488,168",$14.55,2.32%,No,3x,5.82%,-24.73%,131.36%,66.66%,N/A,$0.00,$0.00,$0.00,"$40,101,531.67","$52,461,377.99","$52,459,738.55",Leveraged Commodities,2023-02-21,0.95%,N/A,$0.00,2017-12-19,$0.04,0.00%,0.00,0.12,2,100.00%,40%,20%,1099,$10.00,$18.56,$14.34,$14.79,46.64,B,N/A,A,B-,C+,N/A,0.0,N/A,N/A,N/A,N/A,N/A
KRBN,KraneShares Global Carbon Strategy ETF,Commodity,"$129,612,000",-14.38%,"35,992",$30.31,2.05%,No,False,3.03%,4.34%,17.16%,-4.83%,8.05%,"-$25,490,066.72","-$11,728.30","-$5,902,886.39","-$43,691,682.71","-$380,943,179.59","$47,780,524.04",Commodities,2020-07-30,0.90%,N/A,$0.00,2024-12-17,$2.08,0.00%,0.00,0.36,4,100.00%,40%,20%,1099,$27.33,$30.58,$30.14,$30.40,52.76,B,N/A,C+,B-,A,N/A,0.0,N/A,N/A,N/A,N/A,N/A
UGA,United States Gasoline Fund LP,Commodity,"$121,378,000",58.38%,"67,305",$97.77,0.38%,No,False,-7.48%,11.79%,70.94%,15.46%,25.46%,"-$5,646,150.00","-$10,197,700.00","-$19,648,200.00","-$6,164,300.00","-$7,961,250.00","-$99,098,500.00",Oil & Gas,2008-02-26,0.97%,Charles Schwab,$0.00,N/A,N/A,0.00%,0.00,-0.04,1,100.00%,28%,28%,K-1,$92.14,$107.80,$95.86,$100.12,56.23,A-,B-,C,A-,B,B,0.0,N/A,N/A,N/A,N/A,N/A
GLL,ProShares UltraShort Gold,Commodity,"$107,249,000",-25.77%,"9,907,020",$19.41,-1.62%,Yes,-2x,-3.96%,13.38%,-62.53%,-42.80%,-32.95%,"$37,526,220.13","-$2,035,217.79","$20,660,869.95","$128,695,390.59","$156,063,388.31","$144,996,166.12",Inverse Commodities,2008-12-01,0.95%,N/A,$0.00,N/A,N/A,0.00%,0.00,-0.39,1,100.00%,28%,28%,K-1,$16.94,$23.81,$19.18,$19.61,47.96,B,B,A,A,B+,B+,0.0,N/A,N/A,N/A,N/A,N/A
KCCA,KraneShares California Carbon Allowance Strategy ETF,Commodity,"$106,095,000",-11.78%,"38,181",$14.83,-0.60%,No,False,-0.47%,-1.47%,4.11%,-5.15%,N/A,"$4,305,064.03","$3,271.02","$10,116.84","$7,166,736.40","-$58,705,854.84","$193,014,615.61",Commodities,2021-10-05,0.91%,N/A,$0.48,2025-12-22,$0.48,3.26%,0.00,0.18,4,100.00%,40%,20%,1099,$14.73,$15.07,$14.79,$14.90,40.44,B+,N/A,C,B+,A,N/A,0.0,N/A,N/A,N/A,N/A,N/A
CCOM,Simplify Chinese Commodities Strategy No K-1 ETF,N/A,"$104,822,000",N/A,N/A,N/A,0.00%,No,False,N/A,N/A,N/A,N/A,N/A,"$100,093,750.00",$0.00,$0.00,"$100,093,750.00","$100,093,750.00","$100,093,750.00",N/A,2026-01-26,0.99%,N/A,N/A,N/A,N/A,N/A,N/A,N/A,8,100.00%,40%,20%,1099,N/A,N/A,N/A,N/A,"",N/A,N/A,N/A,N/A,N/A,N/A,0.0,N/A,N/A,N/A,N/A,N/A
HARD,Simplify Commodities Strategy No K-1 ETF,N/A,"$99,398,500",14.24%,"47,015",$33.56,1.54%,No,False,-6.75%,-2.67%,24.45%,14.01%,N/A,"$36,184,775.00","-$6,491,925.00","$19,784,375.00","$59,279,825.00","$92,186,050.00","$92,811,625.00",N/A,2023-03-27,0.78%,N/A,$1.15,2026-03-26,$0.30,3.43%,0.00,-0.20,3,100.00%,40%,20%,1099,$32.51,$36.75,$32.98,$34.00,49.30,B+,N/A,A,A-,B+,N/A,0.0,N/A,N/A,N/A,N/A,N/A
DBE,Invesco DB Energy Fund,Commodity,"$96,414,900",64.79%,"67,984",$28.78,0.59%,No,False,-5.27%,12.18%,63.82%,14.49%,19.49%,"$29,414,250.00","$12,284,800.00","$26,879,750.00","$20,093,100.00","-$9,796,000.00","-$53,228,922.14",Oil & Gas,2007-01-05,0.77%,N/A,$0.00,2024-12-23,$1.17,0.00%,0.00,-0.11,2,100.00%,28%,28%,K-1,$27.35,$31.15,$28.22,$29.35,58.41,A-,B-,B,A,A,A,0.0,N/A,N/A,N/A,N/A,N/A
KSLV,Kurv Silver Enhanced Income ETF,N/A,"$89,328,800",5.10%,"145,811",$34.80,0.43%,No,False,3.69%,-11.70%,N/A,N/A,N/A,"$52,581,002.00",$0.00,"$4,848,800.00","$92,813,171.00","$92,813,171.00","$92,813,171.00",N/A,2025-09-29,1.00%,N/A,$3.80,2026-03-18,$0.75,10.92%,0.00,3.92,6,100.00%,40%,20%,1099,$29.56,$38.90,N/A,N/A,47.51,N/A,N/A,N/A,N/A,N/A,N/A,0.0,N/A,N/A,N/A,N/A,N/A
KGLD,Kurv Gold Enhanced Income ETF,Commodity,"$88,688,600",11.15%,"84,087",$32.45,0.56%,No,False,1.87%,-8.55%,N/A,N/A,N/A,"$39,651,807.00","$2,904,704.00","$2,992,370.00","$85,074,273.00","$85,074,273.00","$85,074,273.00",Precious Metals,2025-07-08,1.00%,N/A,$2.90,2026-04-08,$0.45,8.94%,0.00,2.09,6,100.00%,40%,20%,1099,$28.97,$35.19,N/A,N/A,48.71,N/A,N/A,N/A,N/A,A-,N/A,0.0,N/A,N/A,N/A,N/A,N/A
CANE,Teucrium Sugar Fund,Commodity,"$84,390,000",-3.02%,"373,363",$9.46,-2.47%,No,False,-6.71%,-0.11%,-19.15%,-8.18%,5.52%,"$73,703,500.00","$2,425,000.00","$65,698,750.00","$79,825,462.68","$55,803,212.68","$64,469,462.68",Agricultural Commodities,2011-09-19,2.80%,N/A,$0.00,N/A,N/A,0.00%,0.00,0.07,1,100.00%,28%,28%,K-1,$9.41,$10.88,$9.41,$9.54,41.34,C+,C,C,A,N/A,B-,0.0,N/A,N/A,N/A,N/A,N/A
USOY,Defiance Oil Enhanced Options Income ETF,Commodity,"$77,771,000",48.85%,"569,281",$8.48,0.00%,No,False,-8.52%,16.13%,49.79%,N/A,N/A,"$21,531,322.50",$0.00,"$5,989,362.50","$57,279,572.50","$98,882,912.50","$98,882,912.50",Oil & Gas,2024-05-09,1.12%,N/A,$5.26,2026-04-02,$0.10,62.04%,0.00,-0.86,9,100.00%,40%,20%,1099,$7.73,$9.46,$8.29,$8.71,58.37,A-,C,N/A,N/A,C+,N/A,5.74,18.58%,25.42%,1.27,0.00%,0.00%
OILU,MicroSectors Oil & Gas Exp. & Prod. 3x Leveraged ETN,Equity,"$70,370,300",96.83%,"346,076",$45.33,-2.75%,No,3x,-9.34%,7.39%,121.23%,2.41%,N/A,$0.00,$0.00,$0.00,$0.00,$0.00,"$53,972,384.36",Leveraged Equities,2021-11-08,0.95%,N/A,$0.00,N/A,N/A,0.00%,0.00,1.58,2,100.00%,40%,20%,1099,$41.51,$59.11,$43.91,$48.05,49.73,N/A,A+,N/A,N/A,N/A,N/A,0.0,N/A,N/A,N/A,N/A,N/A
OILU,MicroSectors Oil & Gas Exp. & Prod. 3x Leveraged ETN,Commodity,"$70,370,300",96.83%,"346,076",$45.33,-2.75%,No,3x,-9.34%,7.39%,121.23%,2.41%,N/A,$0.00,$0.00,$0.00,$0.00,$0.00,"$53,972,384.36",Leveraged Equities,2021-11-08,0.95%,N/A,$0.00,N/A,N/A,0.00%,0.00,1.58,2,100.00%,40%,20%,1099,$41.51,$59.11,$43.91,$48.05,49.73,N/A,A+,N/A,N/A,N/A,N/A,0.0,N/A,N/A,N/A,N/A,N/A
SOYB,Teucrium Soybean Fund,Commodity,"$61,433,300",11.44%,"89,758",$24.36,0.00%,No,False,0.04%,-0.20%,15.50%,-3.41%,2.61%,"$17,233,000.00",$0.00,"$14,546,000.00","$32,341,156.08","$25,775,156.08","-$38,237,093.92",Agricultural Commodities,2011-09-19,2.73%,N/A,$0.00,N/A,N/A,0.00%,0.00,0.08,1,100.00%,40%,20%,K-1,$23.90,$24.71,$24.30,$24.45,57.59,B,C,A-,B+,N/A,B,0.0,N/A,N/A,N/A,N/A,N/A
USL,United States 12 Month Oil Fund LP,Commodity,"$60,516,300",46.29%,"45,660",$48.74,0.35%,No,False,0.91%,10.55%,44.40%,11.22%,18.19%,"$6,090,350.00","-$138,800.00","-$171,850.00","$2,877,050.00","-$39,385,800.00","-$245,090,950.00",Oil & Gas,2007-12-06,0.85%,Charles Schwab,$0.00,N/A,N/A,0.00%,0.00,0.10,1,100.00%,28%,28%,K-1,$46.87,$50.69,$48.01,$49.40,61.06,B+,C+,B+,B+,B-,A,0.0,N/A,N/A,N/A,N/A,N/A
YGLD,Simplify Gold Strategy PLUS Income ETF,N/A,"$55,917,000",3.00%,"34,226",$41.67,1.66%,No,False,3.61%,-16.78%,55.96%,N/A,N/A,"$9,383,750.00","-$997,000.00","$3,941,250.00","$24,842,000.00","$42,104,250.00","$42,104,250.00",N/A,2024-12-02,0.53%,N/A,$7.15,2026-03-26,$0.40,17.16%,0.00,0.77,4,100.00%,40%,20%,1099,$34.33,$49.15,$41.24,$42.06,45.30,B,N/A,N/A,A-,B,N/A,0.0,N/A,N/A,N/A,N/A,N/A
BGLD,FT Vest Gold Strategy Quarterly Buffer ETF,Commodity,"$52,765,000",1.79%,"40,544",$17.42,0.52%,No,False,1.37%,-4.15%,-16.67%,7.04%,4.66%,"-$1,123,050.00",$0.00,"$2,599,200.00","-$10,585,350.00","$48,778,000.00","$54,814,600.00",Precious Metals,2021-01-20,0.91%,N/A,$0.00,2024-12-02,$4.60,0.00%,0.00,0.17,4,100.00%,40%,20%,1099,$16.27,$18.15,$17.35,$17.49,46.17,C+,N/A,N/A,A+,A+,N/A,0.0,N/A,N/A,N/A,N/A,N/A
BDRY,Breakwave Dry Bulk Shipping ETF,Commodity,"$46,816,400",17.45%,"155,747",$10.30,-2.83%,No,False,-1.44%,-1.53%,93.25%,1.64%,-9.03%,"$6,677,000.00","$1,305,000.00","$1,549,000.00","-$45,272,750.00","-$73,588,500.00","-$28,732,500.00",Commodities,2018-03-22,3.50%,N/A,$0.00,N/A,N/A,0.00%,0.00,0.92,2,100.00%,28%,28%,K-1,$9.70,$10.76,$10.17,$10.44,48.21,A-,N/A,C,C,C,N/A,0.0,N/A,N/A,N/A,N/A,N/A
BWET,Breakwave Tanker Shipping ETF,Commodity,"$40,281,600",782.29%,"94,916",$169.97,14.67%,No,False,28.76%,195.70%,1562.30%,N/A,N/A,"-$735,038.00","-$20,117,518.00","-$8,535,562.00","-$1,402,668.00","$107,050.36","$107,050.36",Commodities,2023-05-03,3.50%,N/A,$0.00,N/A,N/A,0.00%,0.00,-0.77,2,100.00%,28%,28%,1099,$46.99,$162.22,$153.83,$183.00,76.12,C+,N/A,C,A,N/A,N/A,0.0,N/A,N/A,N/A,N/A,N/A
GLDY,Defiance Gold Enhanced Options Income ETF,Commodity,"$38,490,700",2.95%,"64,987",$15.59,0.39%,No,False,1.14%,-5.52%,21.98%,N/A,N/A,"$4,664,627.50",$0.00,"$2,093,012.50","$42,000,145.00","$43,501,590.00","$43,501,590.00",Precious Metals,2025-04-01,1.04%,N/A,$7.52,2026-04-02,$0.09,48.28%,0.00,1.77,9,100.00%,40%,20%,1099,$14.43,$16.72,$15.33,$15.81,48.45,C+,N/A,N/A,A,A,N/A,5.7,17.03%,24.75%,1.27,0.00%,0.00%
DCMT,DoubleLine Commodity Strategy ETF,Commodity,"$35,067,600",25.96%,"5,950",$32.87,0.64%,No,False,-2.78%,4.90%,31.48%,N/A,N/A,"$4,744,800.00","$1,353,600.00","$1,353,600.00","$4,724,000.00","$26,694,424.61","$26,694,424.61",Commodities,2024-01-31,0.66%,N/A,$0.00,2024-12-23,$0.41,0.00%,0.00,-0.27,6,100.00%,40%,20%,1099,$31.90,$34.22,$32.56,$33.16,57.34,C+,N/A,B,B+,B-,N/A,0.0,N/A,N/A,N/A,N/A,N/A
TAGS,Teucrium Agricultural Fund,Commodity,"$27,887,500",4.59%,"38,135",$23.97,-0.99%,No,False,-3.17%,-2.47%,-4.50%,-8.35%,1.03%,"$21,715,375.00",$0.00,"$14,106,125.00","$18,745,702.84","-$1,433,297.16","$26,603,702.84",Agricultural Commodities,2012-03-28,0.13%,N/A,$0.00,N/A,N/A,0.00%,0.00,0.03,6,100.00%,40%,20%,K-1,$24.17,$25.52,$23.79,$24.24,44.52,C+,A+,C+,C+,N/A,A-,0.0,N/A,N/A,N/A,N/A,N/A
TMET,iShares Transition-Enabling Metals ETF,N/A,"$24,467,800",8.24%,"12,940",$30.78,0.62%,No,False,2.47%,-2.67%,64.47%,N/A,N/A,"$12,431,760.00",$0.00,"$12,431,760.00","$12,431,760.00","$11,904,520.00","$11,904,520.00",N/A,2023-09-28,0.47%,N/A,$4.20,2025-12-16,$4.20,13.65%,0.00,0.09,12,97.82%,40%,20%,1099,$27.78,$31.99,$30.57,$30.91,52.48,C,N/A,A-,A-,A,N/A,0.0,N/A,N/A,N/A,N/A,N/A
UCIB,ETRACS CMCI Total Return ETN Series B,Commodity,"$21,373,800",17.12%,"1,703",$32.87,-0.24%,No,False,-0.92%,3.39%,32.65%,10.37%,13.85%,$0.00,$0.00,$0.00,"-$8,294,030.00","-$54,522,225.00","-$54,835,162.70",Commodities,2015-10-08,0.55%,N/A,$0.00,N/A,N/A,0.00%,0.00,0.22,26,65.29%,40%,20%,1099,$32.34,$33.43,N/A,N/A,60.61,C+,N/A,B,C,C,N/A,0.0,N/A,N/A,N/A,N/A,N/A
TILL,Teucrium Agricultural Strategy No K-1 ETF,Commodity,"$19,700,800",5.34%,"61,795",$17.56,-0.79%,No,False,-3.20%,-1.95%,-1.54%,-6.57%,N/A,"$17,336,147.50","-$15,405,400.00","$16,440,182.50","$16,752,045.00","-$62,691,701.25","$22,402,210.00",Agricultural Commodities,2022-05-16,0.89%,N/A,$0.83,2025-12-24,$0.83,4.72%,0.00,0.04,2,100.00%,40%,20%,1099,$17.65,$18.67,$17.47,$17.69,46.03,N/A,C,N/A,N/A,N/A,N/A,0.0,N/A,N/A,N/A,N/A,N/A
CPXR,USCF Daily Target 2X Copper Index ETF,N/A,"$18,591,900",-1.78%,"135,113",$26.00,-0.15%,No,False,4.73%,-3.06%,30.63%,N/A,N/A,"$14,763,532.50","-$1,963,935.00","-$6,284,627.50","$21,020,501.50","$21,491,494.00","$21,491,494.00",N/A,2025-01-21,1.20%,N/A,$0.00,N/A,N/A,0.00%,0.00,0.23,2,100.00%,40%,20%,1099,$22.20,$27.12,$25.82,$26.17,51.37,B-,N/A,N/A,A,C,N/A,0.0,N/A,N/A,N/A,N/A,N/A
UNL,United States 12 Month Natural Gas Fund LP,Commodity,"$14,958,000",-10.43%,"116,505",$6.61,-1.20%,No,False,-2.36%,-12.33%,-29.68%,-15.31%,-3.44%,"-$2,525,400.00",$0.00,$0.00,"$5,838,100.00","$9,485,350.00","$16,683,400.00",Oil & Gas,2009-11-18,0.90%,Charles Schwab,$0.00,N/A,N/A,0.00%,0.00,0.12,1,100.00%,28%,28%,K-1,$6.56,$7.61,$6.57,$6.67,39.65,B,C,A+,A,A-,A+,0.0,N/A,N/A,N/A,N/A,N/A
DULL,MicroSectors Gold -3X Inverse Leveraged ETNs,Commodity,"$13,576,200",-41.46%,"36,727",$49.17,-2.05%,Yes,-3x,-5.80%,19.93%,-81.02%,-62.65%,N/A,$0.00,$0.00,$0.00,"$30,682,511.19","$32,990,130.03","$32,990,130.03",Inverse Commodities,2023-02-22,0.95%,N/A,$0.00,2016-12-20,$3.14,0.00%,0.00,-0.25,28,74.81%,40%,20%,K-1,$39.86,$66.82,N/A,N/A,46.80,N/A,A-,N/A,N/A,N/A,N/A,0.0,N/A,N/A,N/A,N/A,N/A
USG,USCF Gold Strategy Plus Income Fund ETF,N/A,"$13,191,200",9.34%,"7,950",$37.81,0.99%,No,False,2.51%,-7.44%,42.70%,28.69%,N/A,"-$689,225.00",$0.00,"-$2,710,350.00","$506,225.00","$6,273,850.00","$6,745,275.00",N/A,2021-11-03,0.45%,N/A,$9.52,2026-03-20,$0.19,25.18%,0.00,0.16,2,100.00%,40%,20%,1099,$33.52,$40.70,N/A,N/A,49.85,B-,N/A,A,A-,A-,N/A,0.0,N/A,N/A,N/A,N/A,N/A
GRN,iPath Series B Carbon Exchange-Traded Notes,Commodity,"$10,540,000",-15.18%,956,$29.02,2.58%,No,False,3.16%,5.26%,16.04%,-8.18%,11.05%,$0.00,$0.00,$0.00,"-$12,033,375.60","-$30,267,341.79","-$38,411,464.74",Commodities,2019-09-10,0.75%,N/A,$0.00,N/A,N/A,0.00%,0.00,0.22,2,100.00%,40%,20%,1099,$25.49,$29.75,$29.01,$29.02,51.86,C,N/A,B+,C,C,N/A,0.0,N/A,N/A,N/A,N/A,N/A
WXET,Teucrium 2x Daily Wheat ETF,N/A,"$5,650,520",22.03%,"25,474",$17.85,-2.46%,No,False,-7.95%,-14.34%,-17.48%,N/A,N/A,"$5,173,928.00","$575,913.00","$3,361,766.00","$5,173,928.00","$6,295,087.00","$6,295,087.00",N/A,2024-12-12,0.95%,N/A,$0.43,2026-03-25,$0.02,2.41%,0.00,-0.28,2,100.00%,40%,20%,1099,$18.18,$20.64,$17.40,$18.52,45.92,C,N/A,N/A,A,B+,N/A,0.0,N/A,N/A,N/A,N/A,N/A
EVMT,Invesco Electric Vehicle Metals Commodity Strategy No K-1 ETF,Commodity,"$5,375,420",5.34%,"11,426",$17.86,-0.56%,No,False,-0.08%,-1.28%,22.03%,-4.27%,N/A,"-$3,616,450.00",$0.00,"-$897,900.00","-$3,528,400.00","-$11,917,900.00","-$11,917,900.00",Commodities,2022-04-27,0.59%,N/A,$0.00,2024-12-23,$0.53,0.00%,0.00,0.39,2,100.00%,40%,20%,1099,$17.10,$18.36,$17.82,$17.88,52.59,C,N/A,C+,A,B+,N/A,0.0,N/A,N/A,N/A,N/A,N/A
CXRN,Teucrium 2x Daily Corn ETF,N/A,"$4,361,900",-2.26%,"11,618",$18.79,-1.05%,No,False,-2.95%,-6.82%,-28.03%,N/A,N/A,"$3,858,008.00",$0.00,"$3,858,008.00","$3,858,008.00","$4,810,635.00","$4,810,635.00",N/A,2024-12-12,0.95%,N/A,$0.52,2026-03-25,$0.01,2.78%,0.00,-0.52,2,100.00%,40%,20%,1099,$18.78,$21.11,$18.54,$19.10,44.35,N/A,N/A,N/A,A-,B+,N/A,0.0,N/A,N/A,N/A,N/A,N/A
UX,Roundhill Uranium ETF,N/A,"$3,681,840",1.49%,"5,353",$30.17,-1.57%,No,False,-1.76%,0.47%,36.98%,N/A,N/A,"$954,594.00",$0.00,$0.00,"$1,799,508.00","$3,234,012.60","$3,234,012.60",N/A,2025-01-29,0.75%,N/A,$0.44,2025-12-30,$0.44,1.46%,0.00,1.29,4,100.00%,40%,20%,1099,$28.19,$31.38,$30.07,$30.32,49.03,C+,N/A,N/A,A-,C,N/A,0.0,N/A,N/A,N/A,N/A,N/A
COMD,Global X Commodity Strategy ETF,N/A,"$3,220,870",N/A,N/A,N/A,0.00%,No,False,N/A,N/A,N/A,N/A,N/A,"$2,980,285.35",$0.00,$0.00,"$2,980,285.35","$2,980,285.35","$2,980,285.35",N/A,2026-02-10,0.55%,N/A,N/A,N/A,N/A,N/A,N/A,N/A,3,100.00%,40%,20%,1099,N/A,N/A,N/A,N/A,"",N/A,N/A,N/A,N/A,N/A,N/A,0.0,N/A,N/A,N/A,N/A,N/A
ZSC,USCF Sustainable Commodity Strategy Fund,N/A,"$2,879,700",3.53%,518,$29.02,0.17%,No,False,-0.51%,-0.96%,35.13%,N/A,N/A,$0.00,$0.00,$0.00,$0.00,$0.00,$0.00,N/A,2023-08-09,0.59%,N/A,$0.00,2024-12-27,$0.48,0.00%,0.00,0.19,3,100.00%,40%,20%,1099,$28.39,$29.62,N/A,N/A,51.79,C,N/A,B,B-,B,N/A,0.0,N/A,N/A,N/A,N/A,N/A
CMCI,VanEck CMCI Commodity Strategy ETF,Commodity,"$2,772,880",16.12%,274,$27.84,0.07%,No,False,-0.14%,3.00%,27.15%,N/A,N/A,$0.00,$0.00,$0.00,$0.00,$0.00,$0.00,Commodities,2023-08-21,0.65%,N/A,$2.37,2025-12-30,$2.37,8.51%,0.00,-0.18,16,76.92%,40%,20%,1099,$27.38,$28.39,$27.84,$27.84,61.23,N/A,N/A,B,B-,B+,N/A,0.0,N/A,N/A,N/A,N/A,N/A
ZSB,USCF Sustainable Battery Metals Strategy Fund,Commodity,"$2,210,600",5.34%,"5,511",$22.21,0.05%,No,False,0.05%,-1.62%,68.00%,0.80%,N/A,"-$1,506,225.00","-$2,206,600.00","-$3,326,650.00","-$64,600.00","-$3,200.00","-$3,200.00",Commodities,2023-01-11,0.59%,N/A,$0.00,2024-12-27,$0.38,0.00%,0.00,0.01,3,100.00%,40%,20%,1099,$20.88,$23.18,$22.21,$22.21,50.83,C,N/A,A-,B-,B-,N/A,0.0,N/A,N/A,N/A,N/A,N/A
CTWO,COtwo Advisors Physical European Carbon Allowance Trust ETF of Beneficial Interest,N/A,"$1,633,400",N/A,N/A,N/A,0.00%,No,False,N/A,N/A,N/A,N/A,N/A,$0.00,$0.00,$0.00,"-$879,140.00","-$879,140.00","-$879,140.00",N/A,2025-06-20,0.79%,N/A,N/A,N/A,N/A,N/A,N/A,N/A,2,100.00%,40%,28%,1099,N/A,N/A,N/A,N/A,"",N/A,N/A,N/A,N/A,N/A,N/A,0.0,N/A,N/A,N/A,N/A,N/A
DGZ,DB Gold Short Exchange Traded Notes,Commodity,"$1,517,510",-13.02%,"12,524",$4.87,-0.81%,Yes,-1x,-2.08%,5.55%,-34.73%,-19.92%,-14.41%,$0.00,$0.00,$0.00,$0.00,$0.00,"-$236,173.19",Inverse Commodities,2008-02-27,0.75%,N/A,$0.00,N/A,N/A,0.00%,0.00,-0.17,1,100.00%,40%,20%,1099,$4.54,$5.37,$4.81,$4.90,46.78,A+,A-,A+,A+,B,N/A,0.0,N/A,N/A,N/A,N/A,N/A
DZZ,Deutsche Bank Ag London Gold Double Short Exchange Traded (Nts),Commodity,"$858,183",-32.16%,"32,026",$2.61,-0.76%,Yes,-2x,-4.90%,4.26%,63.28%,3.79%,-2.88%,$0.00,$0.00,$0.00,$0.00,$0.00,"-$2,236,668.97",Inverse Commodities,2008-02-27,0.75%,N/A,$0.00,N/A,N/A,0.00%,0.00,2.83,1,100.00%,40%,20%,1099,$2.49,$2.92,$2.58,$2.65,45.30,A-,A,A,A,C,N/A,0.0,N/A,N/A,N/A,N/A,N/A
SCLS,Stoneport Advisors Commodity Long Short ETF,N/A,"$599,352",19.24%,"2,706",$24.14,0.37%,No,False,-1.99%,5.58%,N/A,N/A,N/A,"-$2,397,590.00",$0.00,"-$2,397,590.00","$104,120.00","$104,120.00","$104,120.00",N/A,2025-11-03,1.10%,N/A,$0.00,N/A,N/A,0.00%,0.00,-1.35,2,100.00%,40%,20%,1099,$23.30,$24.79,$24.14,$24.14,61.20,N/A,N/A,N/A,N/A,N/A,N/A,0.0,N/A,N/A,N/A,N/A,N/A
PSLV,The Sprott Physical Silver Trust,Commodity,$0,3.55%,"21,378,624",$24.49,1.49%,No,False,3.90%,-10.19%,135.93%,41.91%,21.95%,$0.00,$0.00,$0.00,$0.00,$0.00,$0.00,Precious Metals,2010-10-27,0.67%,N/A,$0.00,N/A,N/A,0.00%,0.00,0.50,0,N/A,39%,20%,1099,$20.79,$27.07,N/A,N/A,48.19,A+,N/A,A+,B-,A-,N/A,0.0,N/A,N/A,N/A,N/A,N/A
PHYS,Sprott Physical Gold Trust,Commodity,$0,9.45%,"8,639,953",$36.14,0.95%,No,False,2.12%,-7.83%,52.68%,31.90%,21.25%,$0.00,$0.00,$0.00,$0.00,$0.00,$0.00,Commodities,2010-02-25,0.41%,N/A,$0.00,N/A,N/A,0.00%,0.00,0.22,0,0.00%,N/A,N/A,N/A,$32.14,$38.90,$35.93,$36.37,49.52,A,N/A,A,C+,C+,N/A,0.0,N/A,N/A,N/A,N/A,N/A
